"AN","AR","AS","CB","CE","CL","CM","CN","CT","EX","GA","IB","MC","MD","ML","NC","PV","RI","VC"
0,0,0,0,0,0,0,0,0,0,0,0,0,0,0,0,0,0,0
0,0,0,0,0,0,0,0,0,0,0,0,0,0,0,0,0,0,0
0,0,0,0,0,0,0,0,0,0,0,0,0,0,0,0,0,0,0
0,0,0,0,0,0,0,0,0,0,0,0,0,0,0,0,0,0,0
0,0,0,0,0,0,0,0,0,0,0,0,0,0,0,0,0,0,0
0,0,0,0,0,0,0,0,0,0,0,0,0,0,0,0,0,0,0
0,0,0,0,0,0,0,0,0,0,0,0,0,0,0,0,0,0,0
0,0,0,0,0,0,0,0,0,0,0,0,0,0,0,0,0,0,0
0,0,0,0,0,0,0,0,0,0,0,0,0,0,0,0,0,0,0
0,0,0,0,0,0,0,0,0,0,0,0,0,0,0,0,0,0,0
0,0,0,0,0,0,0,0,0,0,0,0,0,0,0,0,0,0,0
0,0,0,0,0,0,0,0,0,0,0,0,0,0,0,0,0,0,0
0,0,0,0,0,0,0,0,0,0,0,0,0,0,0,0,0,0,0
0,0,0,0,0,0,0,0,0,0,0,0,0,0,0,0,0,0,0
0,0,0,0,0,0,0,0,0,0,0,0,0,0,0,0,0,0,0
0,0,0,0,0,0,0,0,0,0,0,0,0,0,0,0,0,0,0
0,0,0,0,0,0,0,0,0,0,0,0,0,0,0,0,0,0,0
0,0,0,0,0,0,0,0,0,0,0,0,0,0,0,0,0,0,0
0,0,0,0,0,0,0,0,0,0,0,0,0,0,0,0,0,0,0
0,0,0,0,0,0,0,0,0,0,0,0,0,0,0,0,0,0,0
0,0,0,0,0,0,0,0,0,0,0,0,0,0,0,0,0,0,0
0,0,0,0,0,0,0,0,0,0,0,0,0,0,0,0,0,0,0
0,0,0,0,0,0,0,0,0,0,0,0,0,0,0,0,0,0,0
0,0,0,0,0,0,0,0,0,0,0,0,0,0,0,0,0,0,0
0,0,0,0,0,0,0,0,0,0,0,0,0,0,0,0,0,0,0
0,0,0,0,0,0,0,0,0,0,0,0,0,0,0,0,0,0,0
0,0,0,0,0,0,0,0,0,0,0,0,0,0,0,0,0,0,0
0,0,0,0,0,0,0,0,0,0,0,0,0,0,0,0,0,0,0
0,0,0,0,0,0,0,0,0,0,0,0,0,0,0,0,0,0,0
0,0,0,0,0,0,0,0,0,0,0,0,0,0,0,0,0,0,0
0,0,0,0,0,0,0,0,0,0,0,0,0,0,0,0,0,0,0
0,0,0,0,0,0,0,0,0,0,0,0,0,0,0,0,0,0,0
0,0,0,0,0,0,0,0,0,0,0,0,0,0,0,0,0,0,0
0,0,0,0,0,0,0,0,0,0,0,0,0,0,0,0,0,0,0
0,0,0,0,0,0,0,0,0,0,0,0,0,0,0,0,0,0,0
0,0,0,0,0,0,0,0,0,0,0,0,0,0,0,0,0,0,0
0,0,0,0,0,0,0,0,0,0,0,0,0,0,0,0,0,0,0
0,0,0,0,0,0,0,0,0,0,0,0,0,0,0,0,0,0,0
0,0,0,0,0,0,0,0,0,0,0,0,0,0,0,0,0,0,0
0,0,0,0,0,0,0,0,0,0,0,0,0,0,0,0,0,0,0
0,0,0,0,0,0,0,0,0,0,0,0,0,0,0,0,0,0,0
0,0,0,0,0,0,0,0,0,0,0,0,0,0,0,0,0,0,0
0,0,0,0,0,0,0,0,0,0,0,0,0,0,0,0,0,1,0
0,0,0,0,0,0,0,0,0,0,0,0,0,0,0,0,0,1,0
0,0,0,1,1,0,0,0,0,0,0,0,0,1,0,0,0,1,0
0,0,0,1,1,0,0,0,0,0,0,0,0,1,0,0,0,2,0
0,0,0,1,1,0,0,0,0,0,0,1,0,2,0,0,0,6,0
0,0,0,1,1,0,0,0,0,0,0,1,0,4,0,0,1,10,0
0,0,0,1,1,0,0,0,0,0,0,1,0,6,0,0,2,22,0
0,1,0,2,1,1,1,0,0,0,0,1,0,9,0,0,4,30,0
0,2,1,2,1,1,1,0,0,0,0,1,0,12,0,1,6,37,1
0,2,1,2,1,1,2,0,1,1,1,2,0,19,0,3,8,50,1
1,3,3,2,1,3,3,1,2,1,1,3,0,29,0,7,12,56,1
1,4,3,2,1,4,6,1,3,2,2,4,1,41,0,11,15,69,2
2,5,4,3,1,7,11,2,6,4,3,5,2,56,2,17,19,80,3
4,7,8,5,1,10,18,3,11,7,5,6,3,69,3,25,23,92,6
5,10,12,8,2,12,22,4,16,9,6,8,4,82,5,31,28,98,8
7,12,15,8,1,17,29,5,22,12,9,10,6,94,18,42,32,110,11
9,15,22,8,1,23,38,7,32,17,12,11,7,114,18,52,37,122,13
12,18,26,11,1,32,47,9,43,23,16,14,10,144,23,62,46,140,17
15,23,30,18,1,42,60,12,56,27,23,18,12,170,24,78,55,151,22
18,30,41,27,5,53,72,15,74,29,29,22,15,204,28,92,66,161,27
22,37,50,37,5,68,93,18,94,35,38,28,18,236,29,110,80,175,33
26,45,55,48,5,81,111,22,110,40,47,34,22,261,29,128,92,195,38
31,52,59,61,8,97,129,26,123,44,56,38,24,280,33,139,105,203,44
37,61,71,73,9,116,157,29,143,65,67,45,28,313,33,159,117,230,51
43,75,76,89,10,146,178,35,167,79,80,52,37,351,44,184,140,272,60
50,91,84,118,11,177,202,39,189,93,94,59,42,384,43,208,170,324,70
56,108,86,140,20,201,223,44,210,109,107,66,48,420,46,235,193,369,77
62,126,89,154,18,233,256,47,229,121,122,73,51,442,46,254,212,411,87
68,139,96,167,25,250,272,50,243,127,136,77,54,448,36,263,234,439,97
71,147,96,182,33,259,288,52,250,131,144,80,56,440,42,278,240,454,101
74,158,100,189,48,271,325,54,262,130,155,83,57,443,42,293,247,475,105
77,174,103,192,63,287,343,55,272,137,160,84,58,444,43,306,263,519,110
79,182,98,190,61,300,374,54,274,140,165,88,58,432,40,318,273,543,112
80,188,96,192,66,305,379,53,274,139,167,89,59,426,55,323,280,564,113
80,192,98,192,78,312,392,51,278,143,169,89,58,425,59,322,285,607,114
80,192,98,187,88,318,393,49,278,146,168,87,59,413,63,325,284,618,113
75,190,91,178,88,312,378,47,266,128,163,81,56,379,70,327,277,611,108
71,186,87,168,87,303,384,42,257,119,159,77,49,353,59,313,262,589,102
67,175,82,150,86,286,378,41,249,108,152,72,45,325,59,312,249,556,96
62,170,80,135,81,281,371,36,240,98,145,69,40,297,55,297,235,525,91
57,160,77,124,86,270,345,34,234,90,137,62,37,276,55,291,225,507,84
52,153,71,120,81,276,340,31,227,85,126,57,34,272,55,291,211,498,75
49,150,73,109,74,276,325,29,222,78,119,53,31,268,49,280,207,489,72
44,143,69,104,61,273,286,25,206,75,107,48,28,240,48,275,199,455,66
40,129,65,96,47,266,263,22,191,66,101,46,25,225,46,254,181,413,58
36,120,64,94,47,261,237,20,186,67,96,39,25,217,47,239,167,385,54
32,112,60,86,42,257,225,18,183,65,88,33,21,201,31,229,154,359,50
29,106,58,79,30,248,203,17,179,59,79,30,18,185,29,218,144,306,47
26,103,55,77,18,238,194,16,182,58,75,27,16,185,21,208,137,289,43
26,100,51,80,17,231,186,15,183,57,71,27,15,184,14,192,134,268,42
24,92,50,80,17,215,163,13,173,53,64,24,13,163,15,187,126,240,39
21,91,48,70,17,210,148,11,168,50,59,22,11,153,14,164,110,218,36
19,83,44,64,15,200,135,11,164,43,54,19,10,142,14,151,101,205,32
18,76,41,61,10,190,132,10,159,40,48,18,8,139,12,139,94,191,28
16,71,37,55,8,170,121,10,154,44,46,17,8,132,11,126,88,169,26
15,68,29,53,8,165,119,8,153,46,43,16,7,131,12,119,87,155,25
14,63,25,51,5,156,117,9,150,46,42,16,7,129,11,109,83,152,24
13,57,22,53,4,141,110,8,145,45,38,14,6,117,16,105,77,137,22
12,55,17,50,2,131,101,8,134,40,33,13,5,112,15,99,71,122,20
10,54,17,51,3,122,94,8,123,41,31,12,5,108,15,91,65,109,18
10,49,13,50,2,115,91,7,112,40,30,11,5,102,16,89,59,99,17
9,47,12,48,2,109,88,6,98,36,28,10,5,95,17,87,59,86,17
8,45,10,42,2,106,86,6,91,36,26,10,4,89,18,81,55,81,17
8,43,9,37,2,102,82,6,86,35,24,8,4,88,20,74,54,77,17
7,40,9,35,2,92,75,5,75,33,23,7,4,80,22,71,51,69,16
6,36,8,33,1,82,75,5,65,31,21,6,4,76,22,67,47,59,15
6,34,7,30,10,73,73,4,55,28,19,6,4,69,21,63,44,47,15
6,33,8,28,10,69,72,4,48,23,17,6,4,66,18,58,38,40,14
5,30,8,29,10,63,70,4,41,22,16,6,3,61,17,56,34,35,13
5,30,8,26,11,59,70,3,39,22,14,6,4,61,15,50,35,29,13
5,30,8,23,11,56,70,3,38,22,14,5,4,60,10,48,34,28,13
5,28,7,21,11,49,65,3,35,21,13,5,4,51,10,46,32,26,12
4,23,6,17,15,43,67,3,31,19,11,5,3,46,9,42,31,20,11
4,23,5,14,16,39,64,2,28,19,10,5,3,42,7,39,28,15,10
3,24,4,12,17,36,62,2,26,18,9,5,4,41,5,37,24,14,9
3,25,5,11,17,35,61,2,26,17,8,6,4,42,4,36,24,14,8
3,25,5,11,17,35,64,2,28,17,8,7,4,43,2,35,23,16,8
3,24,4,11,17,35,62,2,29,17,7,7,5,41,2,33,23,16,9
3,23,5,11,18,32,56,2,27,16,6,7,4,36,2,35,22,13,8
2,23,5,11,11,30,52,2,28,15,6,8,4,34,2,33,21,13,7
2,23,4,9,12,29,49,2,29,12,5,8,4,33,2,32,21,11,7
2,22,3,7,14,27,46,2,30,10,4,8,4,32,2,29,20,9,6
2,22,3,7,16,25,43,2,32,9,4,9,3,31,2,26,17,10,6
2,21,2,8,16,25,43,2,36,8,4,9,4,31,2,26,17,10,6
2,21,2,8,16,25,43,2,36,8,4,9,3,31,2,25,17,10,6
2,20,2,7,11,25,36,2,37,7,4,9,4,28,2,25,15,10,6
2,20,2,7,16,25,32,2,39,5,3,8,3,26,2,24,14,10,6
1,18,2,7,15,25,31,2,41,5,3,8,3,25,2,23,13,8,5
1,17,1,7,25,24,30,2,41,4,3,7,2,24,2,21,13,8,5
1,16,1,7,34,25,29,2,40,4,3,7,2,24,2,22,12,7,5
1,16,3,7,34,26,31,2,42,4,3,7,2,26,0,22,12,7,5
1,16,3,7,33,27,32,2,43,4,3,7,2,26,0,18,12,7,5
1,14,3,6,31,27,31,2,40,4,2,6,2,24,0,18,11,5,5
1,13,3,6,41,26,28,2,37,4,2,5,2,23,1,16,10,5,4
1,13,3,6,41,26,28,2,35,3,2,5,2,23,1,15,10,5,4
1,11,3,5,45,25,29,2,33,3,2,4,2,23,1,14,10,4,4
1,12,3,5,45,24,28,2,29,3,1,4,2,23,1,14,9,5,4
1,12,3,5,45,25,29,2,31,3,1,4,2,25,1,14,9,5,4
1,12,2,5,45,25,29,2,30,3,1,4,2,26,1,13,10,6,4
1,11,3,4,40,24,28,1,27,3,1,4,2,25,1,13,10,5,4
1,10,3,4,40,22,27,1,25,1,0,4,2,23,1,13,10,5,3
1,9,3,3,29,22,26,1,24,2,1,3,2,23,1,11,10,6,3
1,9,2,3,21,20,24,1,23,1,0,3,1,22,1,10,10,4,3
1,9,1,3,21,18,22,1,22,1,0,3,1,21,1,9,10,4,3
1,9,1,3,21,17,21,1,22,1,0,4,1,23,2,8,11,5,3
1,9,0,3,20,16,20,1,22,2,0,4,1,23,3,8,12,5,3
1,8,0,3,9,15,19,1,21,1,0,4,1,21,2,7,12,5,3
1,7,0,3,8,14,18,1,21,1,0,3,1,21,2,7,12,5,3
0,7,0,3,0,14,17,0,20,1,0,3,1,19,2,8,13,5,3
0,6,0,3,0,13,15,1,19,2,0,3,1,19,2,7,14,4,3
0,7,0,3,0,11,14,1,17,2,0,3,1,18,2,6,14,4,3
0,7,0,3,0,11,13,1,17,2,0,4,1,19,2,7,15,3,3
1,9,0,3,0,11,14,1,17,2,0,4,1,19,2,7,15,3,3
1,11,0,4,0,10,12,1,17,3,0,4,1,17,4,10,14,3,3
1,13,0,4,0,10,11,1,16,2,0,4,1,16,4,11,14,3,2
1,15,0,4,0,10,11,2,16,3,0,4,1,15,4,12,14,3,2
2,17,0,3,0,9,12,2,14,3,1,3,2,14,4,13,14,2,2
2,20,0,3,0,9,12,2,14,3,1,3,2,13,3,13,13,3,2
2,22,0,3,0,10,13,2,16,3,1,4,2,13,2,15,13,2,2
2,24,0,4,0,10,14,1,17,3,1,3,3,13,2,16,13,2,2
3,25,0,4,0,10,14,1,17,3,1,3,3,12,2,16,13,2,3
3,26,0,4,0,8,13,1,17,3,2,4,3,11,2,16,12,2,3
3,27,0,3,0,8,14,1,18,3,2,4,3,10,2,16,11,2,3
3,28,0,3,0,8,14,1,20,4,2,5,3,9,2,16,11,2,3
3,29,0,3,0,8,15,1,22,4,3,4,3,9,2,15,11,1,3
3,29,0,3,0,7,15,1,25,5,4,4,3,9,2,15,11,1,3
3,29,0,3,0,8,16,1,27,5,5,4,3,9,0,12,12,1,3
3,28,0,3,0,7,15,1,27,5,6,4,3,9,0,10,11,1,3
3,27,0,2,0,6,14,0,27,4,6,4,3,8,0,9,12,1,3
3,28,0,2,0,6,14,0,32,5,7,4,4,8,0,9,13,1,4
3,29,0,2,0,5,14,0,36,5,7,4,4,8,0,8,14,1,4
3,32,0,2,0,5,14,1,39,7,8,4,4,8,0,11,15,1,4
4,34,0,1,0,5,14,1,48,12,8,4,4,8,0,14,16,6,4
4,42,0,1,0,5,14,1,50,14,8,5,5,8,0,18,17,7,4
4,43,0,2,0,5,13,1,51,15,8,4,5,8,0,20,18,8,5
4,49,0,2,0,5,13,1,56,15,8,4,5,7,0,22,19,8,4
5,59,0,2,2,5,14,1,62,15,8,3,5,8,2,23,21,9,5
5,77,0,2,2,5,14,1,70,15,8,4,5,9,2,30,24,9,5
6,93,0,2,2,6,14,1,78,17,7,5,6,9,3,38,27,10,6
7,114,0,2,2,6,15,2,90,17,7,5,8,12,3,46,32,13,7
8,132,0,3,2,7,15,2,97,17,6,6,9,12,3,55,42,14,9
9,153,0,6,2,7,15,4,100,18,6,6,10,12,3,59,46,14,10
10,163,1,6,2,8,15,5,106,18,5,6,11,12,3,71,49,15,11
10,183,1,6,2,8,16,5,117,19,5,6,12,14,3,90,53,23,13
10,210,1,7,2,9,16,5,126,17,4,6,16,16,3,96,59,27,14
11,230,1,8,2,10,17,5,132,13,5,8,21,18,3,106,64,22,17
12,259,1,8,2,11,18,5,144,12,6,10,24,25,3,110,68,26,19
13,280,2,9,2,11,19,6,148,11,6,12,28,27,3,121,75,25,22
13,306,2,10,2,11,19,6,147,10,6,15,31,28,3,133,77,24,23
13,324,2,11,0,12,18,6,149,10,6,16,33,30,1,137,80,24,25
14,341,3,11,1,14,19,6,154,11,7,17,36,36,1,135,84,25,27
15,352,5,12,2,15,21,6,160,10,7,19,41,41,0,136,90,25,30
16,371,7,14,2,18,21,6,161,11,8,24,44,48,3,135,93,24,34
18,394,8,16,2,25,22,6,169,15,9,30,46,59,8,133,92,26,36
19,455,9,18,2,27,25,5,172,16,10,35,50,63,11,141,96,26,39
20,481,10,21,2,27,25,6,165,16,11,38,52,65,11,140,98,24,41
21,488,10,27,2,29,26,6,160,15,11,46,52,68,12,129,102,18,43
23,503,11,33,2,36,28,6,160,16,12,57,54,82,17,129,106,15,47
26,507,14,35,2,44,30,7,159,20,13,65,54,94,22,127,116,17,52
28,516,17,39,2,49,33,10,158,22,15,77,55,105,24,134,129,17,55
31,539,19,44,3,61,38,11,167,26,17,93,57,127,31,137,140,22,58
34,554,21,48,4,68,43,13,168,27,20,104,60,134,31,135,152,24,63
36,547,22,51,4,76,45,15,162,27,23,110,60,135,37,150,162,28,64
38,545,22,53,4,81,48,19,158,26,25,128,59,139,51,150,169,36,67
42,540,23,63,3,87,53,22,155,29,29,142,61,164,59,165,177,46,69
46,531,24,69,4,95,59,26,155,32,32,158,65,184,57,170,194,57,73
50,527,24,76,7,101,68,31,153,35,36,179,71,205,60,179,208,72,78
56,487,26,85,11,114,77,36,162,38,40,201,75,246,61,181,223,97,84
61,482,28,91,15,123,85,42,166,38,45,213,81,255,70,194,244,116,89
64,478,29,93,21,129,88,45,160,41,48,220,84,256,75,194,253,125,89
67,460,29,90,31,131,93,49,158,43,51,237,84,257,70,191,256,143,88
71,467,29,96,35,136,100,55,162,47,55,257,86,291,66,191,265,161,92
76,447,28,99,43,148,110,61,164,54,60,274,89,320,82,193,272,175,96
81,430,30,107,49,159,124,67,166,55,67,286,94,340,81,193,287,192,101
86,404,31,117,51,166,138,79,177,62,72,299,108,397,86,203,299,207,110
92,410,31,125,61,165,152,88,180,72,78,310,123,409,89,199,313,223,119
97,391,32,129,63,169,156,89,173,77,82,307,132,409,105,207,321,237,118
99,380,35,127,74,176,161,96,173,80,85,311,134,398,112,198,321,244,121
102,369,37,133,87,188,172,106,177,83,92,317,147,428,125,204,323,260,123
108,353,38,138,90,192,183,116,182,85,96,318,156,446,127,224,334,272,127
112,324,38,141,90,202,199,124,182,87,101,312,168,451,133,236,345,271,131
118,311,41,152,103,213,215,129,193,98,108,322,183,507,140,237,358,283,140
125,304,42,163,102,227,231,141,194,102,114,330,195,516,156,251,370,322,151
128,289,43,172,101,231,236,150,187,109,120,311,208,512,167,264,376,335,151
131,273,43,173,114,228,243,154,184,112,120,302,218,484,180,274,373,328,150
134,265,44,184,116,224,253,158,185,112,122,293,231,500,188,277,373,339,151
139,253,46,189,114,220,268,164,183,119,123,284,249,513,203,281,368,336,155
142,259,48,198,116,230,279,167,181,128,123,277,256,504,224,282,374,347,153
151,248,52,206,121,245,300,173,193,133,124,273,267,566,244,294,379,357,155
155,264,55,219,128,259,319,181,195,139,126,267,281,581,229,321,387,361,160
157,267,56,221,130,267,322,179,185,145,127,253,291,577,230,324,392,367,157
156,262,53,220,117,259,326,174,180,145,124,242,288,546,227,345,383,368,155
156,263,55,224,135,271,332,168,176,149,124,226,295,573,256,339,380,352,155
159,276,54,237,136,269,339,166,174,159,124,220,306,599,293,366,375,355,154
160,283,54,242,132,287,357,166,175,169,121,208,311,603,313,389,362,341,152
168,301,59,243,149,302,375,162,176,184,118,196,325,687,322,412,364,326,152
170,314,63,252,157,315,395,160,178,190,116,192,337,706,338,435,369,336,155
168,325,67,260,144,322,399,159,169,195,119,176,350,707,343,456,362,361,152
166,323,69,254,142,327,399,152,165,205,118,165,364,684,335,482,349,355,150
165,328,69,251,146,345,402,145,169,215,113,165,368,723,319,510,342,358,145
170,326,72,247,143,354,413,135,172,222,113,169,371,755,301,519,338,383,144
169,338,75,236,142,368,419,125,168,232,115,172,386,762,276,534,327,392,140
176,340,79,238,144,381,439,121,181,254,114,176,400,853,291,542,326,412,141
180,355,86,238,142,391,462,122,183,262,115,179,417,864,306,555,325,425,143
180,359,91,236,155,395,463,119,175,269,113,171,418,854,326,571,324,437,140
178,361,91,226,144,388,456,117,176,275,112,166,413,810,318,595,309,435,134
177,349,96,208,162,395,458,111,177,277,113,165,411,816,325,607,299,433,131
179,339,102,194,157,395,457,107,177,273,111,166,413,819,321,614,296,451,127
178,333,103,185,156,403,459,107,181,281,112,166,427,790,318,619,282,458,122
183,339,109,173,161,417,465,101,190,282,112,174,426,844,328,632,277,452,123
189,330,113,164,179,426,478,100,192,281,110,177,428,843,332,645,286,436,124
188,342,114,155,177,420,470,102,183,271,108,170,417,818,358,637,289,440,120
184,336,113,153,194,401,461,98,179,261,107,155,400,752,373,641,281,445,115
181,335,112,138,205,400,443,98,180,254,105,144,395,733,420,647,274,413,111
182,323,114,136,220,401,435,98,184,244,101,136,379,704,452,639,268,409,111
183,318,112,121,225,399,417,98,185,226,99,129,366,637,458,642,260,389,109
190,320,113,121,236,404,413,94,202,224,99,128,358,671,463,651,259,370,111
196,323,116,115,239,405,416,96,206,220,101,132,369,669,450,639,256,360,113
197,322,119,116,233,401,408,93,197,213,102,128,373,643,447,630,254,366,110
197,328,119,111,227,394,401,89,201,207,97,121,366,595,424,608,250,363,109
204,340,121,107,245,389,387,88,212,210,98,116,369,572,433,594,245,365,111
210,341,124,102,267,388,378,82,228,199,99,114,355,547,452,607,249,359,113
222,348,123,98,285,396,377,83,244,200,108,111,354,506,482,623,252,352,116
238,371,135,100,297,412,387,81,274,209,115,112,351,534,517,641,258,372,118
252,372,152,108,321,436,396,80,284,217,121,117,350,531,539,667,269,369,122
256,384,161,101,314,440,383,83,282,220,127,120,359,511,571,703,273,368,122
253,387,168,103,321,430,373,78,276,217,130,114,355,452,545,719,278,374,120
257,390,176,108,326,425,369,73,296,219,132,114,354,438,539,747,280,394,122
272,406,187,111,332,434,376,69,323,233,133,120,373,435,552,769,292,412,133
292,421,193,115,337,455,382,70,351,244,139,118,384,416,633,816,311,442,141
316,450,204,127,366,492,405,69,395,257,144,122,393,447,714,859,337,473,155
334,470,222,143,398,525,410,70,413,276,153,126,416,449,748,878,361,495,169
335,483,239,144,394,530,403,72,411,283,163,126,414,423,810,919,376,502,168
344,508,248,153,411,541,409,72,435,284,168,130,412,409,847,970,387,510,172
364,547,254,173,399,560,423,73,482,304,175,137,429,406,866,972,406,532,185
389,588,269,205,417,586,433,72,529,316,174,142,450,402,898,997,432,584,203
413,632,278,213,464,628,441,72,573,333,180,153,478,389,938,1000,462,603,223
446,701,292,232,473,679,475,70,634,362,196,162,522,419,1032,1012,492,647,253
471,752,306,256,529,711,496,69,654,391,207,167,548,419,1101,1039,522,661,272
478,783,316,277,540,728,515,69,667,414,221,170,566,417,1145,1060,542,670,282
499,837,322,287,551,742,529,70,699,443,233,181,581,409,1212,1091,568,659,296
517,884,337,307,597,780,546,70,729,455,251,188,600,403,1268,1099,593,673,311
536,924,358,326,657,804,568,69,750,476,262,202,620,396,1260,1102,614,699,331
556,963,381,340,708,844,573,68,760,500,273,209,642,384,1266,1116,637,696,349
584,1011,394,342,782,881,604,67,802,522,285,219,663,413,1357,1142,672,731,370
606,1051,398,367,810,924,619,69,816,538,300,227,694,414,1382,1127,694,752,393
599,1048,396,376,808,917,607,69,784,553,307,226,699,384,1390,1116,708,738,394
575,1023,402,386,863,896,604,65,776,547,306,225,694,349,1389,1119,722,714,400
568,1007,404,390,901,873,605,64,764,550,314,233,718,346,1374,1075,738,703,410
569,998,415,398,921,871,609,64,742,561,323,233,726,349,1331,1066,748,736,426
570,973,435,419,972,866,600,68,721,571,323,238,727,341,1239,1042,761,745,435
592,972,460,428,1005,904,617,71,740,573,325,234,747,368,1181,981,780,780,454
610,970,464,430,1017,933,612,77,734,566,322,253,764,369,1142,941,792,782,474
591,921,486,448,1006,932,587,78,676,546,317,243,749,341,1064,877,799,769,468
582,880,481,457,1005,897,568,76,644,538,306,239,740,318,1009,830,799,749,460
574,853,492,466,995,891,552,75,620,528,299,237,741,314,958,780,804,728,459
568,813,509,480,953,861,544,76,595,520,295,232,740,310,916,718,803,726,467
560,770,534,491,894,860,532,77,562,500,290,231,721,299,794,662,798,707,465
573,738,585,492,891,853,541,78,561,486,284,235,711,320,701,628,799,716,474
575,711,609,500,875,863,544,78,554,474,279,236,705,319,678,569,800,713,485
571,683,609,486,796,847,513,78,495,450,280,233,680,316,635,522,781,697,468
554,649,609,486,748,834,495,75,460,435,274,228,635,302,580,491,756,654,449
537,603,605,506,701,813,471,76,433,407,266,223,606,289,560,448,733,608,437
519,570,593,494,660,785,451,73,404,372,262,215,569,279,547,416,708,572,426
494,521,570,484,585,741,428,70,374,349,264,222,522,263,526,390,683,531,414
489,493,577,482,583,711,427,68,375,338,265,205,487,279,545,372,663,531,411
486,485,562,467,564,691,421,69,369,325,265,206,480,277,551,357,637,521,411
450,446,558,443,509,659,395,69,329,300,262,200,429,264,508,339,602,508,395
416,402,528,423,459,608,372,69,303,278,259,193,384,252,482,322,563,471,377
389,374,507,400,424,571,351,70,284,253,253,193,344,245,459,300,530,448,359
360,350,467,382,386,512,336,70,269,241,244,188,313,237,447,286,491,424,347
332,331,416,364,359,478,312,68,253,242,236,189,289,225,443,278,463,384,331
326,328,399,353,359,458,307,69,260,231,236,190,274,243,411,271,445,395,325
321,331,389,345,359,446,309,72,260,229,230,195,268,244,404,260,432,397,326
297,314,379,320,315,415,285,72,231,214,222,186,241,224,381,251,410,390,312
269,296,355,290,274,369,272,69,219,203,212,184,218,216,375,238,385,352,293
248,283,334,284,240,337,266,72,212,198,202,187,202,215,344,228,364,338,282
229,277,325,276,219,306,259,77,208,190,189,189,192,216,341,221,348,318,273
211,267,313,273,187,287,255,78,201,188,181,201,182,210,299,212,331,294,263
206,264,301,269,176,279,267,83,210,186,178,208,177,226,295,215,323,288,267
206,266,299,277,182,271,268,88,211,189,176,212,183,227,291,208,321,279,270
194,258,289,264,163,253,250,86,193,180,170,214,168,213,265,198,308,278,260
174,243,259,254,144,230,241,87,192,169,165,215,157,198,236,192,292,246,245
156,228,244,249,129,210,230,86,178,157,161,219,142,184,226,183,285,234,230
146,216,229,239,133,194,232,90,186,146,154,225,139,191,233,172,275,223,226
140,217,215,236,122,186,239,95,188,151,154,239,137,199,232,173,272,201,239
145,217,219,233,133,189,253,97,205,167,155,250,143,232,234,179,275,208,259
149,219,210,227,136,190,262,109,210,177,160,269,151,238,236,180,276,202,280
142,212,209,224,127,177,254,110,198,175,161,274,144,226,208,178,270,200,279
136,200,197,202,129,166,253,107,208,185,158,288,141,232,213,183,263,185,288
136,197,186,196,127,168,261,112,219,201,160,310,138,248,214,180,264,187,305
136,195,173,183,123,163,271,115,230,218,164,335,142,264,230,186,261,189,330
134,190,162,174,128,157,272,118,240,232,168,360,141,274,240,180,261,196,348
139,195,149,164,113,162,296,119,263,257,171,394,143,306,240,184,262,197,381
142,199,144,160,104,161,308,126,272,272,173,413,152,313,238,182,262,209,408
141,197,141,156,107,157,302,123,262,282,173,426,147,314,231,180,259,214,413
147,201,138,151,110,159,315,125,293,309,169,449,157,342,249,179,252,205,443
150,203,135,154,106,158,330,127,304,334,173,474,160,356,241,177,255,218,478
150,191,131,149,99,151,346,126,316,370,177,489,165,371,234,179,248,228,504
145,195,120,146,81,143,344,126,324,374,179,492,164,347,223,179,239,220,515
141,191,116,148,76,138,342,118,324,374,176,485,160,345,227,177,229,218,508
143,188,108,145,86,139,345,118,329,394,174,507,166,350,229,178,224,225,525
138,184,103,146,86,134,336,118,311,390,175,503,159,332,201,170,219,225,521
137,185,99,142,94,130,342,115,330,409,173,506,172,344,207,173,206,220,536
145,200,104,148,113,137,360,118,353,452,172,509,190,370,203,174,209,242,562
155,221,107,154,123,148,400,115,376,512,178,511,215,410,204,186,210,275,604
162,231,108,149,134,154,416,120,395,531,183,510,238,393,227,194,210,306,624
164,230,110,170,143,159,425,115,394,544,187,499,239,392,237,199,208,301,628
173,239,109,180,175,174,439,118,405,586,189,507,271,402,249,201,209,304,660
175,244,114,188,187,181,444,119,385,603,196,497,278,385,249,203,212,322,667
191,253,118,202,210,203,469,118,408,640,199,498,322,413,279,214,210,326,691
216,286,125,212,241,240,518,121,436,693,206,511,389,476,323,220,216,353,750
227,290,137,227,251,259,545,123,421,730,219,509,414,484,332,226,220,367,783
261,315,146,239,275,303,622,126,469,833,235,548,507,546,352,242,232,417,866
307,360,160,248,305,360,700,135,521,920,259,559,606,628,394,257,251,478,972
340,381,167,261,318,394,750,141,536,993,273,578,691,623,413,272,260,522,1057
350,383,178,270,322,414,748,141,508,1017,289,573,719,582,396,277,271,551,1071
389,385,190,286,326,472,793,139,530,1062,303,587,823,587,447,283,284,566,1124
440,404,209,290,347,541,842,145,551,1098,326,599,939,584,485,291,295,600,1205
496,447,225,314,378,618,940,147,564,1174,352,612,1043,647,528,304,307,674,1302
567,497,249,311,393,711,1054,157,605,1257,384,644,1172,723,576,325,327,718,1426
645,549,278,323,380,814,1184,161,640,1336,424,662,1271,803,635,348,349,822,1570
683,586,291,331,400,877,1254,165,649,1365,457,679,1351,811,633,358,362,908,1648
692,591,305,328,386,909,1248,163,609,1365,477,661,1356,759,615,368,369,906,1665
728,589,315,325,385,963,1253,165,608,1380,501,656,1397,736,638,382,378,927,1676
795,624,334,335,419,1058,1316,168,654,1425,526,688,1492,831,728,394,398,1024,1760
848,647,363,346,457,1139,1379,172,650,1414,569,677,1519,858,810,401,422,1090,1822
889,651,393,361,463,1196,1420,173,635,1395,609,684,1510,854,868,426,439,1136,1855
954,683,429,369,478,1286,1495,174,660,1397,657,690,1518,956,945,447,461,1190,1894
991,708,445,377,483,1339,1537,176,660,1383,682,695,1549,974,962,452,473,1208,1921
974,712,469,358,485,1320,1490,175,604,1308,706,652,1456,924,925,452,470,1208,1867
973,701,480,366,496,1329,1456,169,589,1258,716,637,1398,939,941,463,483,1206,1811
981,694,513,357,483,1344,1418,168,578,1208,736,622,1351,955,959,458,494,1184,1782
988,699,537,368,520,1350,1376,166,569,1158,748,597,1278,957,977,457,512,1257,1758
981,683,559,362,540,1319,1317,169,559,1081,756,579,1208,940,990,463,529,1226,1685
1006,680,586,369,545,1340,1306,172,578,1060,765,557,1161,1006,1043,471,544,1220,1670
1020,683,595,368,557,1332,1296,176,576,1013,773,550,1140,1008,1076,468,552,1243,1652
977,661,601,362,548,1266,1222,169,524,909,758,512,1026,934,1010,456,558,1211,1564
942,632,611,350,556,1205,1151,166,505,838,745,478,925,879,970,453,552,1115,1462
912,625,613,340,539,1142,1061,160,491,767,718,450,846,858,919,445,549,1086,1380
878,615,602,326,542,1083,984,158,476,696,688,411,778,833,882,430,546,1025,1291
831,595,593,315,520,1009,888,154,459,624,652,371,709,780,842,421,540,956,1202
821,592,599,301,539,970,851,151,468,585,629,342,650,820,880,420,541,939,1160
810,577,575,296,528,935,827,150,463,550,603,335,626,817,875,406,536,907,1123
754,550,558,277,493,854,754,147,416,484,568,297,537,741,803,378,518,835,1027
697,509,521,272,499,777,673,140,399,422,523,263,463,685,753,370,503,747,921
649,480,492,253,477,699,602,134,384,364,490,247,416,648,715,347,484,630,816
599,458,461,246,459,640,530,129,363,316,457,218,367,609,681,324,461,559,724
554,432,434,224,452,565,459,126,342,268,419,201,327,554,657,306,444,469,636
530,425,418,217,449,532,430,122,349,247,394,187,301,575,645,290,435,436,582
514,423,404,206,446,510,416,123,347,238,372,181,296,571,631,272,413,402,552
466,395,371,198,420,455,374,118,311,203,345,160,261,515,583,248,396,375,495
423,359,339,190,398,407,322,114,297,175,315,145,226,471,547,230,372,290,423
386,335,317,183,391,363,278,109,289,151,284,134,205,441,522,202,351,236,359
347,308,294,168,386,325,246,106,278,131,261,130,184,414,488,179,336,208,309
313,278,272,166,351,293,215,103,271,116,242,122,167,376,428,164,319,172,263
296,274,262,168,345,283,202,100,282,110,225,116,156,392,443,160,313,159,240
288,272,251,166,341,272,196,101,284,106,215,115,155,391,445,156,300,147,235
264,257,239,157,312,244,170,100,255,90,201,105,137,354,416,143,284,135,207
237,231,224,152,291,224,150,99,251,82,186,95,126,325,407,138,270,119,179
216,215,213,143,288,205,135,98,250,73,169,91,121,310,383,133,258,110,159
197,204,202,143,264,191,121,95,246,65,158,86,113,298,355,131,248,99,142
181,193,195,136,252,174,115,96,242,61,150,80,100,277,317,125,237,88,127
178,190,192,143,269,172,114,96,252,56,144,79,98,292,335,123,233,84,120
177,192,189,132,253,169,114,98,254,54,138,77,99,294,341,123,227,79,119
165,180,186,122,239,158,104,97,231,47,128,71,92,267,321,120,219,73,106
145,169,185,117,269,150,98,97,228,47,120,65,85,253,319,120,214,69,93
136,169,181,116,266,140,94,98,226,46,113,60,82,245,330,117,203,65,85
132,166,175,110,269,133,90,99,220,43,108,57,80,239,338,115,196,68,80
129,162,175,104,278,127,87,103,213,39,102,53,78,229,336,116,189,69,73
132,160,175,100,275,127,90,103,222,38,99,53,77,245,365,117,186,69,70
134,160,177,99,284,126,90,104,223,39,96,53,78,245,384,118,183,72,70
126,150,178,96,271,117,85,101,203,37,90,51,72,226,368,117,175,69,65
122,142,173,91,267,112,82,101,198,36,85,49,70,217,375,115,171,67,58
122,141,169,89,275,110,83,103,195,38,81,48,67,217,394,109,167,69,54
121,137,164,89,275,108,81,104,193,40,76,45,67,217,403,112,167,71,50
119,135,162,86,241,104,80,107,188,43,76,42,65,213,426,116,168,73,47
123,134,168,89,253,107,81,111,198,50,75,43,67,230,437,118,169,77,46
124,138,167,90,249,107,83,114,200,53,76,41,67,231,449,119,172,73,47
125,130,161,88,188,99,78,112,181,51,76,40,63,215,423,117,166,72,44
124,120,158,89,192,100,78,115,183,58,74,39,62,213,447,119,169,65,41
122,118,159,89,199,99,77,118,185,67,72,39,59,216,475,126,170,60,38
119,113,156,90,218,101,78,118,187,72,73,41,56,220,488,125,174,59,36
119,118,156,92,222,100,78,119,187,75,75,40,57,224,488,135,181,67,34
125,124,156,92,225,105,83,122,199,78,75,44,54,225,505,140,184,73,32
127,129,150,94,251,106,84,126,201,80,76,45,57,228,514,146,187,75,32
121,124,147,92,239,102,82,124,188,82,73,44,52,214,492,148,188,76,30
119,119,148,92,239,102,83,125,194,84,72,44,52,216,486,159,193,76,29
122,119,150,93,236,103,83,125,202,88,72,45,52,226,498,176,199,82,29
124,120,147,95,242,105,86,126,208,89,70,46,52,236,480,191,206,89,28
129,123,148,101,239,110,91,124,211,86,69,47,54,240,481,215,216,97,28
139,128,150,100,261,117,99,125,228,90,69,50,53,266,502,231,227,111,29
144,133,149,100,260,122,103,127,234,96,69,54,57,271,502,244,237,121,30
140,131,149,102,251,118,101,120,221,93,69,55,53,258,458,256,236,125,29
141,130,147,106,261,125,105,119,228,91,67,57,57,262,448,270,239,136,29
147,138,149,109,251,128,113,119,235,94,66,56,60,271,434,285,247,145,30
155,137,149,113,275,137,123,120,239,95,65,56,61,284,436,293,254,154,31
155,136,144,116,284,138,125,121,243,104,64,54,63,288,411,302,262,156,33
157,135,151,119,280,140,127,116,244,111,64,54,60,291,404,319,271,167,34
163,142,152,127,302,148,130,115,250,116,65,56,63,298,408,333,276,170,35
162,144,150,125,324,149,130,112,238,113,66,56,61,284,403,343,283,178,34
169,150,147,126,353,158,136,111,224,111,64,54,63,291,406,344,286,172,32
183,164,148,129,383,165,145,110,235,115,66,56,64,306,442,350,297,176,33
192,177,146,126,414,171,158,111,242,120,67,57,64,318,468,354,309,188,34
203,190,150,137,434,176,166,116,246,124,69,57,68,322,476,376,321,191,34
220,200,155,141,458,187,179,120,264,126,72,56,67,354,519,393,341,199,35
232,212,152,146,467,190,183,124,267,128,74,57,69,357,540,402,361,207,38
227,211,150,150,466,182,178,124,248,125,75,55,63,338,506,405,370,199,37
230,207,147,157,463,185,183,123,252,125,74,55,64,339,494,407,378,198,35
234,217,152,159,478,183,183,120,255,132,75,56,62,339,488,413,398,197,34
248,225,157,161,464,190,195,119,263,130,79,56,66,366,507,419,419,203,35
264,240,156,172,453,199,211,127,278,129,83,59,69,391,533,421,439,220,36
277,258,160,179,460,206,225,130,291,128,87,59,68,419,550,421,458,235,38
281,266,159,188,436,206,227,130,293,129,89,59,70,422,527,414,468,229,39
268,257,160,198,400,196,219,128,290,128,88,59,63,393,492,408,473,232,40
259,244,159,206,373,194,219,125,284,127,87,57,64,384,447,400,476,242,38
257,246,159,211,339,192,215,124,289,123,89,55,64,385,428,394,485,229,38
251,246,153,211,309,190,215,120,288,119,91,57,63,385,419,377,496,240,39
245,251,152,222,295,189,216,117,290,120,93,55,66,379,420,370,499,254,39
249,252,156,233,291,188,230,116,304,118,95,55,69,410,437,364,507,260,42
254,255,156,232,272,193,232,113,309,117,97,55,72,410,436,355,511,277,43
242,253,153,226,249,184,221,108,290,111,95,55,65,384,424,347,512,266,43
233,250,142,235,206,186,220,106,298,103,96,55,68,376,397,335,501,265,43
226,256,137,239,205,185,219,103,301,99,95,57,68,376,389,328,497,271,43
221,262,135,233,192,185,217,98,306,100,95,57,69,374,363,324,495,257,42
217,262,135,238,159,178,218,96,307,99,97,57,72,364,343,323,494,255,43
222,276,134,243,150,183,230,94,322,104,95,58,72,386,360,325,493,283,44
222,284,131,235,147,181,231,92,324,102,95,61,73,385,362,320,491,278,44
210,282,124,235,134,172,217,90,306,96,94,60,69,357,339,311,477,265,43
199,270,117,234,120,167,212,87,300,96,93,59,70,324,315,300,462,262,41
195,273,112,228,101,164,211,84,295,94,92,58,69,313,296,288,446,260,40
193,276,105,219,82,159,208,84,288,88,91,57,67,308,258,280,431,238,40
186,274,99,204,67,163,202,81,280,87,89,57,66,295,249,274,417,233,36
190,286,95,200,57,164,210,81,288,86,90,58,67,316,256,268,412,227,36
191,286,91,200,53,163,210,81,286,87,91,58,69,316,258,263,397,226,36
181,271,87,183,41,151,197,78,257,83,90,55,63,289,252,252,378,218,34
177,256,82,176,30,147,189,77,245,80,88,54,61,272,252,240,359,205,32
173,246,77,167,24,140,183,77,229,80,88,50,61,261,256,221,342,201,31
171,235,72,152,23,135,176,79,215,77,85,47,60,251,257,212,326,191,31
168,222,70,141,21,133,168,78,204,75,85,46,60,235,240,199,310,166,29
174,221,67,132,20,137,177,78,209,78,86,44,62,250,250,195,302,175,30
178,221,67,117,17,137,179,77,206,78,87,46,65,248,257,190,292,167,31
171,211,64,107,15,129,168,77,182,73,85,44,59,244,244,180,275,161,30
166,192,64,102,12,128,161,75,179,71,80,43,61,238,249,171,256,143,29
165,186,64,97,12,128,158,73,170,74,78,41,64,228,237,161,243,141,29
166,184,65,89,22,125,153,75,164,74,78,39,65,219,212,150,231,136,30
164,180,65,86,22,123,148,77,156,75,78,38,67,205,208,142,222,132,30
172,182,65,82,22,129,153,78,161,76,79,38,69,218,199,136,219,138,30
175,187,67,83,27,130,153,78,159,78,79,38,72,218,201,133,215,142,31
168,179,65,77,27,123,144,78,142,76,75,36,69,201,177,129,205,138,30
165,171,64,77,45,124,140,74,140,75,72,37,71,194,179,128,196,139,30
165,165,65,74,51,126,138,70,139,75,72,37,71,190,174,121,192,152,32
167,159,62,75,58,124,134,71,137,71,72,37,71,186,180,124,188,150,32
170,154,63,78,58,125,127,70,136,68,70,36,75,178,175,123,187,149,33
179,156,66,77,64,130,132,71,143,69,70,35,76,189,184,126,191,162,35
186,159,68,78,101,130,132,68,143,71,69,37,78,188,188,125,192,172,36
180,152,66,78,109,122,125,66,128,70,68,36,71,173,169,125,192,171,35
179,143,69,77,116,122,114,65,127,69,65,37,68,165,175,125,190,174,36
182,138,65,81,126,121,111,63,129,68,62,38,66,159,169,131,189,184,36
186,132,65,80,140,121,111,62,128,67,58,38,62,155,165,131,185,198,38
185,129,65,78,147,118,102,61,126,68,56,37,63,145,161,131,183,206,39
196,129,64,78,146,121,108,63,130,69,53,38,62,151,155,135,184,212,41
200,132,64,79,154,120,110,62,130,70,52,39,61,151,153,134,183,211,43
194,125,66,73,155,113,102,62,123,64,50,38,55,138,134,131,178,206,41
192,118,63,73,148,110,98,62,123,64,48,40,53,129,139,131,170,196,40
191,115,68,70,141,108,95,62,117,64,46,40,52,124,133,125,166,199,40
191,112,67,65,140,104,94,65,112,64,44,40,46,118,119,121,161,193,41
191,108,67,66,144,100,90,66,109,63,43,41,44,109,102,118,154,187,41
194,106,65,65,120,102,94,70,114,63,42,41,46,114,95,118,149,184,42
197,108,67,59,113,103,93,72,115,63,42,41,48,112,92,118,147,184,43
188,100,64,59,104,92,92,74,103,58,41,40,45,101,81,111,137,174,40
183,94,65,54,87,89,89,73,102,57,39,40,45,95,70,102,129,165,40
180,88,64,56,73,86,82,75,101,57,39,40,46,91,60,102,122,149,40
181,84,62,53,68,81,83,76,102,54,40,40,44,87,55,100,115,147,41
179,79,65,59,64,77,77,79,104,56,39,40,45,82,60,96,109,139,42
185,79,67,62,55,78,79,84,109,59,41,40,49,85,62,99,108,147,44
186,81,67,77,35,78,79,87,111,60,40,40,52,85,60,100,107,143,47
176,78,68,84,35,72,72,89,102,54,40,40,48,78,46,95,102,136,46
172,74,64,88,34,70,68,90,108,55,40,41,49,76,38,92,98,128,48
167,75,66,92,33,67,64,91,117,56,40,44,52,75,41,93,95,129,52
166,73,65,103,23,63,60,94,123,56,42,50,53,76,43,90,93,126,62
165,72,69,117,16,61,59,95,120,58,44,53,54,75,64,88,93,127,63
172,75,70,134,16,64,62,100,135,60,47,59,56,82,66,86,93,129,76
177,78,69,141,17,68,62,101,143,66,50,67,59,83,80,88,94,132,87
170,75,69,155,16,65,57,103,147,67,53,76,56,79,79,87,94,126,88
168,73,71,174,15,69,59,104,181,72,55,92,56,80,80,84,95,125,104
170,78,81,191,14,84,61,111,232,80,59,109,58,86,88,87,101,122,125
175,86,91,206,16,111,66,119,296,91,66,132,62,93,81,91,111,122,149
183,98,110,234,23,145,68,126,362,107,74,156,69,100,83,100,121,123,175
200,115,138,259,24,183,77,135,435,127,81,177,76,113,87,119,137,139,207
210,132,160,269,24,226,81,141,480,141,88,205,82,117,88,170,148,144,228
209,141,172,295,24,246,80,147,501,146,94,218,81,116,84,243,157,161,231
218,159,193,334,25,294,86,153,582,165,100,245,90,126,84,304,171,169,253
230,202,226,358,25,355,96,159,677,183,113,276,101,145,90,350,189,182,278
249,255,263,377,27,432,105,175,791,208,127,318,114,166,74,383,209,192,315
264,306,318,422,37,503,115,188,885,233,144,355,127,189,80,420,230,208,339
289,363,365,444,40,595,132,205,992,257,166,390,144,224,70,463,254,244,374
307,408,402,452,43,637,140,219,1036,272,184,417,159,238,116,508,277,263,401
308,432,439,467,48,676,138,229,1041,281,199,434,163,244,122,560,298,264,398
323,469,470,490,54,724,152,238,1113,297,226,476,185,276,129,623,318,304,417
343,527,508,501,67,776,169,250,1161,317,253,518,202,319,145,696,345,328,442
364,589,538,517,77,813,192,266,1199,340,293,567,224,368,149,778,380,353,469
387,646,561,526,99,848,212,285,1226,361,339,625,246,414,156,851,416,379,487
419,698,597,550,116,872,241,303,1286,384,383,673,269,478,167,874,452,433,522
438,739,618,560,126,895,261,319,1307,403,420,717,289,500,177,850,481,455,552
436,755,626,557,133,876,267,330,1257,400,445,741,293,506,182,843,506,469,542
448,763,635,570,146,872,287,343,1271,420,480,795,313,545,205,861,539,503,559
470,785,635,582,175,859,317,357,1256,448,508,830,333,594,218,893,579,537,579
494,800,616,569,180,851,349,374,1240,470,547,881,360,639,224,922,627,563,601
516,816,606,606,201,816,379,396,1209,497,581,924,382,674,245,944,675,607,613
547,841,622,623,215,834,419,413,1224,529,616,967,402,738,218,964,719,670,642
570,858,612,650,233,822,444,429,1214,546,645,998,424,748,219,962,744,692,661
560,839,591,658,248,784,444,430,1110,540,653,999,413,723,205,935,750,672,633
561,805,563,649,248,752,462,432,1068,554,663,1011,422,734,193,899,759,686,633
573,790,544,658,248,731,491,444,1028,563,661,1021,428,748,204,858,768,718,632
584,772,524,644,261,703,516,450,980,570,653,1023,442,759,217,820,770,727,632
597,760,497,642,259,685,542,457,922,581,644,1014,451,756,263,801,777,722,624
622,762,487,636,267,682,570,472,920,592,650,1025,470,801,275,800,788,743,635
638,757,473,626,265,678,589,477,897,603,657,1021,483,797,282,783,784,773,645
618,720,441,599,272,637,572,472,790,584,636,976,460,744,271,755,759,738,602
602,669,414,584,259,603,569,464,739,569,622,952,451,715,424,717,730,712,583
599,643,393,574,273,570,568,457,684,557,603,915,445,696,437,691,699,721,561
593,616,374,538,289,542,571,449,634,543,581,882,439,673,456,664,669,686,539
588,589,334,545,289,516,562,439,596,537,567,849,441,636,467,634,642,650,513
596,585,330,509,307,513,576,435,591,540,556,831,441,661,481,613,626,654,515
603,581,321,473,307,504,582,434,577,547,549,807,452,655,505,595,621,654,519
576,558,303,483,326,468,549,419,509,515,531,750,429,597,515,575,595,626,474
551,518,283,459,337,438,519,394,476,494,511,704,417,558,518,546,563,581,446
535,488,263,452,348,425,505,378,451,479,493,667,407,529,537,521,544,572,424
515,464,248,450,405,405,486,363,427,472,478,633,401,499,500,500,527,546,403
500,437,234,446,436,389,470,339,398,464,457,595,392,459,495,481,512,516,379
495,424,225,439,447,389,479,326,397,466,441,573,387,476,502,468,503,490,376
498,422,219,434,459,388,480,316,392,471,434,551,392,470,493,446,494,492,376
469,405,205,433,457,366,447,298,348,446,419,512,374,427,339,427,479,478,341
427,365,190,413,540,341,423,276,333,436,396,481,356,398,347,405,459,441,322
397,333,177,404,552,332,403,255,320,435,379,459,351,378,334,385,444,422,308
378,319,169,385,571,321,396,240,305,434,358,441,341,363,344,368,429,408,294
361,308,148,377,569,310,379,223,294,443,349,421,331,336,374,354,418,403,275
360,301,142,386,584,317,387,215,298,459,339,412,331,351,363,351,408,400,274
359,305,138,366,576,314,389,208,296,473,327,406,333,349,388,338,407,398,280
334,287,130,347,575,298,369,197,263,457,314,383,310,317,383,322,393,389,254
311,271,122,351,588,284,353,183,254,465,303,359,294,296,393,303,373,362,241
292,262,110,328,537,274,341,172,242,464,294,343,283,284,402,280,360,348,230
273,252,102,315,542,263,331,161,228,465,285,329,267,274,429,260,344,337,218
257,244,96,305,553,250,312,153,221,463,277,319,256,257,447,241,334,324,206
250,245,91,309,539,245,322,148,223,461,269,312,254,271,472,238,330,316,208
248,242,90,291,531,240,325,144,218,461,264,304,250,269,466,230,318,320,208
243,240,89,289,427,234,307,136,197,443,254,285,233,245,448,218,303,304,189
230,232,84,273,406,220,292,129,188,424,243,267,215,231,448,207,286,283,178
213,216,80,256,391,207,281,121,180,401,234,251,207,221,433,204,274,259,167
196,201,77,245,378,192,267,116,170,367,214,235,198,212,423,199,264,238,159
178,198,74,236,352,174,251,108,161,338,198,217,180,196,427,191,253,221,147
172,191,71,228,348,171,250,105,158,318,191,211,176,203,408,185,243,213,143
171,195,67,226,338,164,249,103,155,309,181,204,175,201,427,180,236,200,142
155,185,61,202,286,147,228,96,136,271,169,188,159,181,395,169,223,185,125
140,169,56,192,279,134,210,89,135,243,155,180,146,166,378,164,205,172,114
128,163,54,180,247,125,198,85,134,222,140,166,138,156,360,158,193,154,106
118,156,49,174,234,113,183,83,129,195,128,158,132,146,331,156,181,139,96
110,147,45,161,227,103,164,78,125,177,118,153,124,132,310,146,169,131,86
108,147,42,156,229,101,164,76,129,165,110,148,123,137,330,145,167,119,86
107,147,41,145,232,100,163,75,127,157,104,145,122,135,317,141,162,116,86
99,138,38,140,207,88,149,72,114,135,95,139,110,120,286,134,152,102,77
89,131,34,135,201,79,135,70,112,119,86,131,97,110,275,117,142,97,71
84,121,30,131,196,75,129,68,110,110,79,127,89,103,254,107,133,87,66
79,116,25,124,195,70,118,65,106,99,73,121,88,98,245,98,127,79,63
75,111,23,116,177,63,111,64,105,90,67,118,87,91,234,93,121,72,59
76,105,22,111,172,64,110,63,109,86,64,115,90,95,203,88,119,73,61
75,104,21,106,170,62,110,63,108,83,60,112,93,94,184,88,115,69,61
70,98,19,103,161,56,100,61,96,74,56,106,85,86,184,79,107,63,56
65,92,18,99,147,50,91,59,90,64,52,103,81,79,167,74,100,59,54
64,93,17,96,143,50,88,57,88,63,48,98,80,76,167,66,95,56,54
61,89,16,92,139,46,83,55,86,60,44,91,79,74,162,61,90,54,53
59,86,15,90,127,43,76,53,84,56,41,87,79,70,140,58,85,51,51
60,88,15,90,119,42,79,54,89,55,38,87,82,75,142,53,83,49,52
60,90,15,87,123,43,78,54,88,54,36,87,85,74,146,50,82,51,53
55,83,15,84,111,39,70,51,78,50,34,82,80,67,140,48,76,46,50
51,82,15,83,96,35,65,51,80,50,32,82,79,65,122,46,72,44,48
50,79,16,84,90,36,64,50,80,50,29,79,74,63,134,42,67,44,47
48,80,16,86,91,36,59,49,80,47,26,76,70,61,128,41,63,45,46
44,81,15,85,84,35,56,48,78,48,25,73,66,57,132,41,59,42,44
44,80,15,84,81,35,57,48,83,50,23,74,64,60,132,40,58,41,44
45,80,15,82,84,35,57,47,84,50,22,72,65,59,120,44,58,41,45
42,74,14,80,75,32,52,46,80,47,21,67,59,54,112,42,56,40,42
38,69,14,78,64,30,50,43,81,45,19,66,54,52,105,40,54,39,40
36,69,13,75,57,30,48,43,79,44,18,63,51,51,97,38,53,35,39
35,66,13,72,56,30,47,42,78,44,17,62,47,50,88,39,53,34,38
33,65,13,73,56,31,43,40,77,44,16,59,46,47,84,40,51,32,36
33,65,14,71,44,31,46,40,81,46,16,57,45,50,80,41,53,33,36
34,64,14,72,42,33,46,39,80,45,16,57,47,50,77,42,53,33,36
32,59,14,66,37,31,43,36,70,41,15,51,43,45,77,40,51,32,34
30,57,15,62,33,30,41,35,70,39,15,52,44,45,60,42,50,31,33
29,51,15,57,27,28,40,33,64,38,15,50,42,41,54,41,49,25,32
29,48,15,52,31,28,39,32,66,36,14,52,41,42,44,40,50,26,32
30,47,16,52,29,30,40,31,65,33,14,51,42,41,42,40,53,24,34
31,50,18,50,21,33,40,30,70,35,14,53,45,45,38,42,56,23,36
31,51,18,48,21,34,41,31,70,35,14,55,50,46,37,43,59,25,38
30,48,19,47,17,33,39,31,62,34,13,51,49,43,33,47,58,25,37
30,51,20,45,17,35,38,32,64,33,13,54,50,42,35,52,59,26,39
30,53,20,46,16,37,38,33,61,33,13,56,52,44,37,53,62,25,41
31,54,21,43,14,38,38,34,60,33,13,59,53,46,33,57,64,25,44
31,56,22,44,17,43,38,34,57,31,13,60,54,46,30,57,64,25,45
32,58,23,40,15,45,39,37,62,32,13,63,54,50,27,62,67,25,50
33,60,24,41,15,46,42,38,63,32,14,66,57,51,22,64,70,25,52
32,57,24,39,15,44,39,39,57,29,13,64,53,47,17,63,72,25,50
33,60,25,41,16,48,41,41,64,30,15,70,54,50,18,66,74,27,53
33,61,29,41,9,50,43,43,61,28,16,74,55,50,18,69,75,26,54
33,62,29,42,8,50,41,46,59,27,16,77,55,51,21,71,75,28,55
33,60,31,41,8,51,42,48,57,24,17,80,55,51,25,73,76,31,56
35,66,32,41,8,53,45,60.5,62,25,18,86,51,55,29,76,77,29,60
36,71,34,39,8,53,46,66.55,63,24,18,89,52,56,31,79,79,31,63
35,67,35,38,8,51,44,73.205,57,23,19,86,48,52,30,78,80,32,60
33,61,37,36,8,48,42,80.5255,54,22,19,84,45,48,29,78,79,34,56
33,63,38,34,5,49,42,88.57805,61,22,19,86,46,49,30,78,80,37,58
34,69,37,34,2,49,42,97.435855,64,22,22,87,47,52,31,83,84,41,60
35,74,38,36,2,51,43,107.1794405,64,24,24,90,48,53,30,87,92,50,61
37,84,40,36,3,54,45,117.89738455,72,26,26,91,50,59,33,96,97,57,67
39,88,39,41,3,56,47,129.687123005,75,28,28,93,53,60,31,104,99,59,70
37,87,38,40,2,53,44,142.6558353055,68,28,28,87,50,57,30,109,102,60,68
36,93,37,39,1,55,45,156.92141883605,76,29,29,89,50,59,29,115,110,65,71
38,99,37,41,1,59,46,172.613560719655,85,33,31,91,53,59,28,130,117,73,74
41,108,38,45,2,62,49,189.874916791621,89,35,34,95,55,62,25,140,127,80,77
42,114,39,48,3,67,50,208.862408470783,95,37,37,99,57,64,44,153,139,89,80
45,120,40,53,3,75,56,229.748649317861,106,42,42,106,68,73,47,166,153,98,87
47,127,41,59,3,77,58,252.723514249647,110,45,47,111,72,74,49,186,165,106,93
48,130,42,61,16,79,58,277.995865674612,113,44,50,115,74,74,53,200,174,104,95
49,136,44,63,30,84,58,305.795452242073,124,46,54,122,76,76,56,223,183,113,99
46,141,46,66,33,91,54,336.374997466281,127,48,56,125,79,78,63,240,195,121,95
42,132,42,62,33,84,50,370.012497212909,120,45,52,116,74,71,62,229,183,111,88
